{"cameraMode":{"drawMode":0,"name":"Shaded","section":"Shading Mode"},"sceneLighting":true,"audioPlay":false,"sceneViewState":{"m_AlwaysRefresh":false,"showFog":true,"showSkybox":true,"showFlares":true,"showImageEffects":true,"showParticleSystems":true,"showVisualEffectGraphs":true,"m_FxEnabled":true},"in2DMode":false,"pivot":{"x":-2.905910015106201,"y":0.5000002384185791,"z":15.715360641479493},"rotation":{"x":-0.21608445048332215,"y":0.010839089751243592,"z":-0.0023847538977861406,"w":-0.976337194442749},"size":8.49882698059082,"orthographic":false}